,x,y,z,allenId,sampleNumber,parentNumber,type,file,zz,subject,id,cluster,cluster2,embedding_x,embedding_y,Unnamed: 0,Graph,somaAP,somaDV,somaML,OLF,Isocortex,HPF,CTXsp,CNU,TH,HY,MB,CB,P,MY,Other,Total Length (cm),Axon Branches,Top Projection,cortex_diff,num_branches,num_tips,mean_fragmentation,max_branch_order,num_outer_bifurcations,mean_bifurcation_angle_local,mean_bifurcation_angle_remote,total_length,max_euclidean_distance,max_path_distance,early_branch_path,mean_contraction
0,10547.6826,4832.4666,4863.8392,771,0,-1,1,/data/648434_12_5_24/Complete_annotated/N022-648434-PG.json,4863.8392,648434,N022-648434,3,6,374.19911435857784,2972.4940387895804,103.0,N022-648434-PG,10547.6826,4832.4666,4863.8392,0.0,0.0,0.0,0.0,0.0,0.0,0.0,0.0,0.7142971562610622,0.0538014618618159,0.0068481590875004,0.1438689947429971,13.401983180260393,208.0,CB,-0.20451861569231342,31,16,60.0,5,3,1.1352601577357633,1.063653636343608,6702.076782553273,573.1284475452599,925.0339205923002,0.6825581768963155,0.7886791898179754
0,10728.7251,4441.3044,4679.5984,771,0,-1,1,/data/648434_12_5_24/Complete_annotated/N023-648434-HD.json,4679.5984,648434,N023-648434,1,1,-510.5443785064503,-188.4920059520643,106.0,N023-648434-HD,10728.7251,4441.3044,4679.5984,0.1033008960551884,0.5091921217693053,0.1619289572304309,0.0413133787518507,0.0406069969603287,0.0032391157995928,0.0047912255112034,0.0356973660659723,0.0059391163427735,0.0185986798798127,0.0013111633745011,0.0268947216570248,23.957561892421808,345.0,Isocortex,0.853265493232534,15,8,14.466666666666667,4,1,1.2355014955620915,1.4307476989083567,3192.766731042452,568.9410405715772,686.0951814215183,0.6897688043651894,0.8278304793266192
0,10184.9323,4583.9386,4759.3966,771,0,-1,1,/data/648434_12_5_24/Complete_annotated/N020-648434-SS.json,4759.3966,648434,N020-648434,1,1,312.18492584894034,-368.0084351560047,104.0,N020-648434-SS,10184.9323,4583.9386,4759.3966,0.3668138602340316,0.4825119240770502,0.0,0.0002506489213917,0.0560186386017645,0.005708985481719,0.0173635494544555,0.0351367493261577,0.0,0.0210677974203573,0.0,0.012292507899671,13.228511527020164,103.0,Isocortex,0.9304440507765418,17,9,17.470588235294116,4,1,1.1319034859298727,0.5706503457560895,3553.8943827797225,596.200240948367,674.7076922727216,0.7069086678558574,0.8018948311710132
0,10909.1352,4357.0134,6891.9433,202,0,-1,1,/data/648434_12_5_24/Complete_annotated/N011-648434-SS.json,4508.0567,648434,N011-648434,2,3,-1201.127237275352,641.242349480372,105.0,N011-648434-SS,10909.1352,4357.0134,4508.0567,0.0091184192719944,0.8128748852949987,0.0153396106782761,0.0,0.0166732652135155,0.0,0.0185050808176274,0.0232657049424896,0.0002827895351287,0.0092883365010543,0.0192456544629354,0.0568248390328191,16.475255462485894,136.0,Isocortex,0.8104181362220929,23,12,24.652173913043477,5,0,1.1196601775684785,1.402518998456985,3843.665949552056,463.2739796042628,554.3141452311153,0.8866113699727076,0.8059416979745075
0,10345.3048,4778.6333,4901.0922,1093,0,-1,1,/data/648434_12_5_24/Complete_annotated/N025-648434-PG.json,4901.0922,648434,N025-648434,1,1,892.4677772411707,-565.9520564283443,112.0,N025-648434-PG,10345.3048,4778.6333,4901.0922,0.0,0.0,0.0,0.0,0.0,0.0,0.0,0.0,0.0,0.207186745874232,0.1942334634489901,0.5940552759382468,1.7069718543646228,17.0,Other,-0.9954754852614689,17,9,7.647058823529412,4,1,0.8215649949891073,1.1612987833130495,2739.752182438577,461.20137814614066,702.9605500010955,0.4590700441199774,0.8358838294331106
0,10745.8602,4347.1876,4702.2606,147,0,-1,1,/data/648434_12_5_24/Complete_annotated/N004-648434-SS.json,4702.2606,648434,N004-648434,1,1,566.5924198153377,-15.082405882742837,102.0,N004-648434-SS,10745.8602,4347.1876,4702.2606,0.0159563478437836,0.7038107825547505,0.1571820858408771,0.0042364802571873,0.0181025279248535,0.0018872731916201,0.0134553943231255,0.0142059026199573,0.000151080057159,0.0189141166089142,0.0014819911877131,0.0148323887650981,22.21730923953184,186.0,Isocortex,0.8936082979944294,21,11,40.095238095238095,4,3,1.1537485330652866,1.6015201090670204,3763.9859800089885,600.0759694948208,744.3306118175753,0.826818622925043,0.7738358081937425
0,10201.676,4571.1625,4612.8491,771,0,-1,1,/data/685221_12_5_24/Complete_annotated/N001-685221-PG.json,4612.8491,685221,N001-685221,1,1,776.2640828263593,5.294283956522151,1.0,N001-685221-PG,10201.676,4571.1625,4612.8491,0.0,0.0025696436949392,0.0,0.0,0.0157126348733698,0.1051577961438799,0.0208601347084801,0.2550369954795796,0.0,0.0719444401392403,0.338563810414159,0.1732877479048649,14.318932103914191,103.0,MY,-0.18445879355801553,23,12,469.4347826086956,6,4,0.0,1.1109425758845513,4321.406432591131,767.5229945565014,1003.2055615693195,0.3940842781255591,0.7723734921108114
0,10094.2631,5153.054,4674.3972,1093,0,-1,1,/data/685221_12_5_24/Complete_annotated/N061-685221-YP.json,4674.3972,685221,N061-685221,1,1,-735.1263330636551,-242.1933126115261,57.0,N061-685221-YP,10094.2631,5153.054,4674.3972,0.0,0.0,0.0,0.0,0.0,0.0001327382576094,0.0,0.2310969852638331,0.0,0.2064563293196396,0.2725024741116537,0.2694236657993938,9.106368454282464,148.0,MY,-0.5171527457092446,25,13,13.8,6,2,1.3032126271640818,1.190151275914968,3045.848876839153,695.5685390197435,765.6284972495031,0.5845473172874264,0.8951093591616688
0,10173.5878,4097.4717,5098.8834,771,0,-1,1,/data/685221_12_5_24/Complete_annotated/N049-685221-SP.json,5098.8834,685221,N049-685221,1,2,322.28056440691813,-312.6030776202825,39.0,N049-685221-SP,10173.5878,4097.4717,5098.8834,0.0622513218561847,0.1916006568452333,0.157211562025976,0.0077509898301011,0.1707299271363821,0.0311487636031297,0.0566046752423227,0.0726003849606086,0.0501577812638408,0.0397831708357608,0.0,0.0318707683364043,21.003082122132746,488.0,Isocortex,0.6782443423277731,89,45,6.044943820224719,11,23,1.3407961778899302,1.3571947813517435,3670.469798426525,474.68841532306254,557.8859784108353,0.7810101163902113,0.9035404257152504
0,10626.345,4431.9693,6698.5452,147,0,-1,1,/data/685221_12_5_24/Complete_annotated/N018-685221-DS.json,4701.4548,685221,N018-685221,1,1,898.636590179708,977.3011128711767,10.0,N018-685221-DS,10626.345,4431.9693,4701.4548,0.0121432454817945,0.7374642807329768,0.0814656664034841,0.0026508970474752,0.0050906643029323,0.0,0.0076200770856246,0.0089234856689951,0.0269449265754982,0.0157093257381271,0.0098017580613171,0.0121926388378346,43.920955653566914,809.0,Isocortex,0.8176545940860037,47,24,13.553191489361701,8,12,1.2792561489387249,1.3967855254429329,4807.881252237063,463.53556325531326,801.073871456318,0.5083932345063583,0.835350781822355
0,10716.2656,4378.0877,4744.4729,147,0,-1,1,/data/685221_12_5_24/Complete_annotated/N032-685221-HS.json,4744.4729,685221,N032-685221,1,1,591.9278855864076,-387.2234348849782,15.0,N032-685221-HS,10716.2656,4378.0877,4744.4729,0.1018810789225599,0.714985128736211,0.0020716215153052,0.0168950221437871,0.0247507509091769,0.0241088461344329,0.0498593884519567,0.0113127863056908,0.0,0.0096596767884935,0.0,0.0057293627334803,38.618894639680185,472.0,Isocortex,0.9304755835971468,25,13,15.96,5,5,1.22081679506435,1.181681699222235,3064.609924786726,423.9975949317875,702.2229669905946,0.5940477468855229,0.7592436712762827
0,10607.5953,4389.6852,6771.9973,867,0,-1,1,/data/685221_12_5_24/Complete_annotated/N027-685221-SP.json,4628.0027,685221,N027-685221,1,1,513.1532965544899,-351.84723640986454,35.0,N027-685221-SP,10607.5953,4389.6852,4628.0027,0.0456863191910706,0.8262248992755092,0.0280121864825135,0.0037273215521654,0.0273497338123485,0.0,0.015933745513368,0.01206150956013,0.0,0.0113873011353532,0.0,0.015499250445464,31.70453488563437,571.0,Isocortex,0.932109163806288,33,17,11.666666666666666,6,11,1.494429040635657,1.6355546216979324,3117.707908168167,475.2001906965226,579.0287272085518,0.6783592603843585,0.8410348970468216
0,10520.5787,4407.7854,4793.9164,898,0,-1,1,/data/685221_12_5_24/Complete_annotated/N045-685221-VM.json,4793.9164,685221,N045-685221,1,1,606.452140148456,-112.39824825297107,48.0,N045-685221-VM,10520.5787,4407.7854,4793.9164,0.0,0.0,0.0,0.0,0.0,0.0067950091364442,0.0,0.1188510239152245,0.3512310373631683,0.1466583704035889,0.2333264003413059,0.0845606017228287,13.651139752922484,159.0,CB,-0.33889933941605477,23,12,16.130434782608695,5,3,1.2604320071712483,0.9813682003894599,3168.282851591438,435.0165787047321,548.1842323357148,0.6629647236346273,0.8426745613403753
0,10130.3109,4011.5415,6622.864,313,0,-1,1,/data/685221_12_5_24/Complete_annotated/N009-685221-VM.json,4777.136,685221,N009-685221,2,4,-892.0371919071348,-108.29575494183102,5.0,N009-685221-VM,10130.3109,4011.5415,4777.136,0.0541571899828596,0.6167436803088865,0.0145042033990161,0.0150041431319257,0.0291797891563113,0.0374148470194707,0.0301351603581007,0.0589131259029153,0.0,0.0220863897974953,0.0395766891087844,0.0059364527263313,48.95160350426063,571.0,Isocortex,0.7884526076268749,23,12,15.826086956521738,6,5,1.3555006066844588,1.4436445116935854,3366.634839025982,484.084580015322,647.2254000703059,0.8247106278467735,0.7999121395452771
0,10500.6508,4364.1687,5071.7833,898,0,-1,1,/data/685221_12_5_24/Complete_annotated/N063-685221-HS.json,5071.7833,685221,N063-685221,2,3,-772.9656133047198,283.1168527393283,25.0,N063-685221-HS,10500.6508,4364.1687,5071.7833,0.1115086582526549,0.4553588569106146,0.2248086721655197,0.0136260042626797,0.0161197088132901,0.0495614588920237,0.0039384671739736,0.0312622158417457,0.0096327480113213,0.0358797315756277,0.0021232156123587,0.0119569160247128,54.18026021871829,1332.0,Isocortex,0.8562241790998028,51,26,12.823529411764707,8,10,1.3894110464942506,1.4384317310011543,3694.6979836498695,515.7635596529576,560.4437055283946,0.8676318435007453,0.8832172341661997
0,10671.8412,4582.6748,6750.5158,350,0,-1,1,/data/685221_12_5_24/Complete_annotated/N020-685221-BP.json,4649.4842,685221,N020-685221,2,3,-638.2669562659787,-3.8659288728095027,43.0,N020-685221-BP,10671.8412,4582.6748,4649.4842,0.0,0.0,0.0,0.0,0.0,0.0,0.0,0.2708194538340105,0.2574195443726569,0.1212344645713255,0.1534875420663482,0.1570581742211075,15.39869263515188,373.0,MB,-0.1609607270247707,43,22,8.232558139534884,8,12,1.5937129434082367,1.5721338883031224,2945.4587362783523,440.6355008981461,605.7389737757504,0.7542818048348724,0.8333591215555004
0,10458.3251,4439.3846,4821.2564,898,0,-1,1,/data/685221_12_5_24/Complete_annotated/N054-685221-HS.json,4821.2564,685221,N054-685221,1,1,1165.1485932219305,-457.48659216792595,28.0,N054-685221-HS,10458.3251,4439.3846,4821.2564,0.1455629838168932,0.4386886382259067,0.0257385272706997,0.012986947954657,0.038791564271921,0.0033974474843725,0.0442242825678817,0.0313777921126528,0.0,0.0705476656617793,0.0857611685595746,0.0613223948053611,26.980147660560714,279.0,Isocortex,0.5231369546782696,53,27,10.11320754716981,6,15,1.4812443996399898,1.4534445242858065,3227.9709565891294,493.3214003198928,592.5608353067544,0.5418068706331012,0.8913526561925784
0,10619.3167,4481.7075,6809.7209,771,0,-1,1,/data/685221_12_5_24/Complete_annotated/N014-685221-YV.json,4590.2791,685221,N014-685221,1,1,733.0281210192868,-356.54328013777007,12.0,N014-685221-YV,10619.3167,4481.7075,4590.2791,0.0284476448401397,0.5436602602878314,0.0097228190005101,0.0202473101764375,0.0067313498714971,0.0551177281282079,0.0169133136123766,0.1222774550041981,0.0002583378764223,0.0605466366846035,0.0689825099865736,0.033374388391349,39.94048202471187,650.0,Isocortex,0.6402143458586724,49,25,8.244897959183673,7,1,1.3880818243748159,1.3368437862010574,3779.9544378594624,1045.1068210139338,1230.0115836713178,0.33508971122751174,0.8617402347289064
0,10712.5427,4329.0438,4727.6884,147,0,-1,1,/data/685221_12_5_24/Complete_annotated/N010-685221-VM.json,4727.6884,685221,N010-685221,1,1,583.1813698073435,-466.6553129666296,8.0,N010-685221-VM,10712.5427,4329.0438,4727.6884,0.1410014369082627,0.2495128716532422,0.3343993257718905,0.0224683045092969,0.0121595988623446,0.0551222032782054,0.0321707392263964,0.0133275189431199,0.0020151745880054,0.0331542302509166,0.0372932920238092,0.0083780257126876,47.910854127166566,776.0,HPF,0.7813364511653452,37,19,10.783783783783784,7,11,1.5146136193809459,1.5908694761672209,2829.97189902239,379.7850869340317,529.8951196029586,0.7912765988297473,0.834808744059189
0,10626.9322,4434.6822,4749.9923,147,0,-1,1,/data/685221_12_5_24/Complete_annotated/N034-685221-VM.json,4749.9923,685221,N034-685221,2,4,-1154.3760705403527,-423.24199513122255,44.0,N034-685221-VM,10626.9322,4434.6822,4749.9923,0.0162226436940859,0.0,0.0652410541947529,0.0435709277830631,0.0497273784092422,0.0341214157872703,0.0007816784007584,0.0383353732488586,0.2869579532581598,0.1261895140070923,0.2002384339109099,0.0478380224607923,14.076089370355596,190.0,CB,-0.1262654988607631,19,10,16.105263157894736,5,3,1.457733991776348,1.5630101592821306,2486.0823944607937,458.7040486090135,650.6199626973023,0.715815699669631,0.8397229013589272
0,10667.6297,4331.8835,4825.9022,280,0,-1,1,/data/685221_12_5_24/Complete_annotated/N064-685221-JN.json,4825.9022,685221,N064-685221,1,1,93.2876330013889,492.7872269865044,,,,,,,,,,,,,,,,,,,,,0.0,55,28,10.981818181818182,9,16,1.3588143087484494,1.326587345795623,3834.7150037900174,502.45857313650185,678.2443620386193,0.6537494962146924,0.8446236137798
0,10595.3636,4383.2301,6701.352,771,0,-1,1,/data/685221_12_5_24/Complete_annotated/N015-685221-HD.json,4698.648,685221,N015-685221,2,3,-1054.0983147126049,946.3432553746243,31.0,N015-685221-HD,10595.3636,4383.2301,4698.648,0.0333734301417393,0.5514778070174726,0.1304562051745676,0.0067079911128689,0.0110913232887449,0.0003248978143118,0.0130700678059034,0.0123056879713096,0.0765278692852051,0.0248900939000335,0.0283950810049987,0.0314415685607774,40.697758629788176,460.0,Isocortex,0.6740806668611086,39,20,10.205128205128204,7,6,1.4401050866042584,1.5588826515207943,4062.065370623767,532.7792211393752,570.4441960355502,0.7665981706424285,0.9107175527377297
0,10256.3324,4983.9845,6877.2573,549009215,0,-1,1,/data/685221_12_5_24/Complete_annotated/N059-685221-SA.json,4522.7427,685221,N059-685221,2,4,-616.7859454964547,-795.014193163119,54.0,N059-685221-SA,10256.3324,4983.9845,4522.7427,0.0,0.0,0.0,0.0,0.0,0.0,0.0,0.0186535870501584,0.0,0.1990284895122665,0.4504362022119161,0.3057349859039205,9.654440359355792,232.0,MY,-0.9365460905779447,35,18,9.428571428571429,8,6,1.485540273023507,1.4569680642108485,2783.441388374281,684.2119784654082,789.426775140437,0.9285685988054627,0.8966988205830373
0,10540.649,4667.6313,4880.9818,358,0,-1,1,/data/685221_12_5_24/Complete_annotated/N042-685221-HD.json,4880.9818,685221,N042-685221,1,1,764.1655833601176,-432.7198277382735,45.0,N042-685221-HD,10540.649,4667.6313,4880.9818,0.0,0.0,0.0,0.0,0.0,0.1158611713214484,0.0123058927428867,0.0723507578634107,0.074737282538505,0.0586423550011387,0.3567561685855495,0.2064585607328873,15.992123268053678,199.0,MY,-0.4213392623918296,27,14,11.37037037037037,4,5,1.2680944490748598,1.506824191153337,3223.3432317080274,584.5497014715337,626.0956833926131,0.669175059337648,0.8292328458766461
0,10649.8746,4529.1717,4744.6601,771,0,-1,1,/data/685221_12_5_24/Complete_annotated/N036-685221-YP.json,4744.6601,685221,N036-685221,2,4,-1240.497198716028,-628.26881283478,51.0,N036-685221-YP,10649.8746,4529.1717,4744.6601,0.0,0.0,0.0,0.0,0.0,0.0,0.0,0.1258142790726908,0.0,0.1592668900733501,0.450487350233352,0.1996359026586327,18.44294397968389,185.0,MY,-0.683575863892644,19,10,11.894736842105264,7,4,1.5224948808083443,1.6571112349095556,2602.009589033446,618.0767510650835,762.7718791652909,0.7575337194984741,0.8748917040663327
0,10480.5802,4610.6635,4747.7774,771,0,-1,1,/data/685221_12_5_24/Complete_annotated/N055-685221-JN.json,4747.7774,685221,N055-685221,1,1,230.20724801987683,270.93358339494495,41.0,N055-685221-JN,10480.5802,4610.6635,4747.7774,0.0,0.0,0.0,0.0,0.0,0.0,0.0,0.0043959292544305,0.1868741890795082,0.16481632456151,0.264028561323447,0.2797263211474614,16.198130382137016,283.0,Other,-0.7041752777779878,79,40,7.822784810126582,12,18,1.468208050245769,1.3983661717468494,3633.8459693003824,473.8435365878279,644.2811964353477,0.6887823080360113,0.8626557129703296
0,10481.6138,4402.5699,6649.9903,771,0,-1,1,/data/685221_12_5_24/Complete_annotated/N003-685221-HS.json,4750.0097,685221,N003-685221,1,1,1092.7399825776129,-264.1199155788069,0.0,N003-685221-HS,10481.6138,4402.5699,4750.0097,0.0041167699113407,0.7156332078885803,0.0203805652745274,0.0004753236144505,0.0264974189600181,0.0084163925873764,0.0210577541770147,0.0096859051555397,0.00031028516292,0.0254063279243387,0.1076964644331323,0.0162283537528835,39.77146749803931,418.0,Isocortex,0.6569321914584934,25,13,16.8,5,5,1.013261822367858,1.1891906598087192,3576.3423647508534,507.1377258122387,565.4245980485853,0.8149423143245685,0.8460779175799761
0,10357.4782,4646.7664,4698.5958,771,0,-1,1,/data/685221_12_5_24/Complete_annotated/N046-685221-SA.json,4698.5958,685221,N046-685221,1,1,937.5309052138127,-1058.3020888270703,60.0,N046-685221-SA,10357.4782,4646.7664,4698.5958,0.0,0.0,0.0,0.0,0.0,0.0,0.0,0.0,0.0,0.1724119339643659,0.4149066784006221,0.3604182777643771,2.116369116681648,50.0,MY,-0.9477368901293652,27,14,9.555555555555555,6,2,1.4476430964355087,1.1724896565319727,2303.3337676326496,425.9271202956786,504.01043533079445,0.29491545649231493,0.9273907932941705
0,10720.8192,4438.8024,6732.2317,771,0,-1,1,/data/685221_12_5_24/Complete_annotated/N016-685221-PG.json,4667.7683,685221,N016-685221,2,3,-866.6894413313117,25.1723825584134,6.0,N016-685221-PG,10720.8192,4438.8024,4667.7683,0.0444529848673875,0.2934911714005169,0.1317888067918666,0.0146554766546758,0.0355948282532016,0.044035255172982,0.0028129606725821,0.03304837936278,0.2215813867141021,0.0411690155109256,0.042974725194507,0.0289026162688546,43.34817259931345,347.0,Isocortex,0.4868335062017053,17,9,529.0588235294117,5,1,4.967053731282552e-09,1.4003986689858918,3303.491337698371,474.3325050298368,627.3271259085307,0.7389884121319319,0.7082992430571303
0,10446.6667,4365.8748,4861.3381,898,0,-1,1,/data/685221_12_5_24/Complete_annotated/N038-685221-HS.json,4861.3381,685221,N038-685221,1,1,-603.4921000859497,60.73144056437241,21.0,N038-685221-HS,10446.6667,4365.8748,4861.3381,0.13742121036119,0.3021564882074092,0.0104918301691646,0.0320182242670571,0.0786018250701902,0.0037784167475737,0.0479959750678351,0.0213584658568853,0.1136945143332075,0.0336264984437612,0.0957431720135196,0.0659208874043191,40.53872720005603,594.0,Isocortex,0.4385318778857053,27,14,15.148148148148149,7,6,1.1309288412544376,1.2116138125479043,3109.371220807977,437.27179872562084,550.3805900140866,0.8085696876647744,0.7996155265038473
0,10380.22,4090.0237,6670.4566,867,0,-1,1,/data/685221_12_5_24/Complete_annotated/N004-685221-BP.json,4729.5434,685221,N004-685221,2,3,-825.8248947615399,616.6482082781476,3.0,N004-685221-BP,10380.22,4090.0237,4729.5434,0.0921240061687762,0.5433162281780087,0.0369195614249654,0.0360661809544976,0.0334123721220097,0.00053653175826,0.0655461725512979,0.0436577643091718,0.0,0.0220222876901367,0.0604671483493487,0.0210402405455284,40.5295116927968,789.0,Isocortex,0.7480491408819735,63,32,7.380952380952381,10,15,1.6382930890136336,1.464584181471578,3464.857248620316,468.3141113231271,575.8287219588306,0.838970133615714,0.8725175124187049
0,10058.1685,5220.5902,6925.2685,549009215,0,-1,1,/data/685221_12_5_24/Complete_annotated/N030-685221-VM.json,4474.7315,685221,N030-685221,1,1,164.49750862150904,-321.91164280375745,58.0,N030-685221-VM,10058.1685,5220.5902,4474.7315,0.0,0.0,0.0,0.0,0.0,0.0,0.0,0.0133231686599289,0.0,0.216440536492477,0.2410263204921048,0.5246255983008334,6.530727433375867,132.0,Other,-0.9687692866254863,21,11,14.142857142857142,5,0,1.1772969620674216,0.9830516303438562,3318.61987296489,798.9982500889539,917.6041974842275,0.3356485584581477,0.8940431467713222
0,10940.5114,4185.2427,6747.8931,867,0,-1,1,/data/685221_12_5_24/Complete_annotated/N028-685221-YV.json,4652.1069,685221,N028-685221,1,1,690.2382851125404,342.8711193121879,14.0,N028-685221-YV,10940.5114,4185.2427,4652.1069,0.0901904504767442,0.680198080457507,0.0108875118793447,0.0087694091535301,0.036593089151067,0.0099139908681642,0.017483612167616,0.0537906536113934,0.0090387815951942,0.0277217155981042,0.000332135718086,0.0245629329898129,44.234654538339264,440.0,Isocortex,0.8552100134593634,61,31,10.049180327868852,8,0,1.5064027354523997,1.4694067586196171,4081.0073948849536,867.06384859911,934.1380382593916,0.5047318015915957,0.8460205568606246
0,10286.77,4582.3802,4869.6253,771,0,-1,1,/data/685221_12_5_24/Complete_annotated/N052-685221-BP.json,4869.6253,685221,N052-685221,2,4,-1699.7485352651179,-1301.3571351457897,36.0,N052-685221-BP,10286.77,4582.3802,4869.6253,0.0295427369113119,0.4243674994608763,0.1049084108831008,0.0110001230865918,0.0173238053294546,0.0164740754848591,0.0534173772308898,0.0436618046076886,0.0040322311610976,0.1106102429005387,0.0662548833230534,0.0539757428570519,32.407322759954745,613.0,Isocortex,0.4698549639141289,29,15,13.448275862068966,6,4,1.4718933688724911,1.4559160957727877,3721.8915206438332,1054.9822156059702,1109.621594842493,0.47258862965834936,0.9146507289520713
0,10296.6379,4865.5762,6776.3829,1093,0,-1,1,/data/685221_12_5_24/Complete_annotated/N024-685221-VM.json,4623.6171,685221,N024-685221,1,1,-527.017864111331,7.105482423013039,49.0,N024-685221-VM,10296.6379,4865.5762,4623.6171,0.0,0.0,0.0,0.0,0.0,0.0,0.0,0.0699535471509396,0.2372973930328331,0.1704398416391145,0.3256729171106955,0.1542920431775004,13.650646736536544,182.0,MY,-0.5804512547763707,15,8,18.4,5,0,0.9799436614037763,0.7568144808851537,3175.1024237224356,667.8621009610732,693.5452744724154,0.6776931854308306,0.8874924487125337
0,10699.4978,4407.3316,4752.1955,771,0,-1,1,/data/685221_12_5_24/Complete_annotated/N033-685221-VM.json,4752.1955,685221,N033-685221,1,1,691.1386729180325,-635.0001663241933,16.0,N033-685221-VM,10699.4978,4407.3316,4752.1955,0.0585103561787639,0.4579213808468839,0.0928740281228634,0.0010863919155779,0.0375851527134718,0.0087260115352422,0.0404865614502389,0.045393023980504,0.1006426331747531,0.0155788098407148,0.0076702986300104,0.0050081220005977,41.12284752090107,457.0,Isocortex,0.7143256762722231,21,11,14.476190476190476,5,3,1.3976152754629378,1.2881321474433278,2978.634386231305,491.1396992577658,542.8934019256413,0.597021214267088,0.8098609354559503
0,10593.5709,4555.7298,6862.0301,771,0,-1,1,/data/685221_12_5_24/Complete_annotated/N007-685221-BP.json,4537.9699,685221,N007-685221,1,1,733.6967566112517,-254.090623230807,4.0,N007-685221-BP,10593.5709,4555.7298,4537.9699,0.1118568331758321,0.0672997726230785,0.3741815146195905,0.0883140191230744,0.0469546799561268,0.0241076856449766,0.020790295277295,0.0132151465700586,0.0900184082542202,0.0251849096328646,0.009681068900841,0.0218608677268623,37.11031536976467,560.0,HPF,0.6899931007294646,49,25,9.183673469387756,8,14,1.385593939714443,1.2891621184867041,3456.37001809853,484.08883940988517,642.6997995137808,0.6006656565269661,0.8398783015329908
0,10914.9765,4207.1756,6814.3712,867,0,-1,1,/data/685221_12_5_24/Complete_annotated/N008-685221-YP.json,4585.6288,685221,N008-685221,1,1,1222.4007831051777,-506.74736116824124,27.0,N008-685221-YP,10914.9765,4207.1756,4585.6288,0.4629033746774613,0.0643302494354076,0.0468116671506747,0.0198871204434786,0.0310550924892126,0.0415587871590411,0.0228386576333532,0.1275923944523655,0.0202387367620379,0.0331475406333328,0.0340217901214866,0.034012507170786,43.53672179530174,578.0,OLF,0.7157955055153892,23,12,13.73913043478261,5,2,1.2880526671300696,1.665446495997336,3494.6802580223903,599.2261442634496,651.992738301342,0.47648249712911744,0.8905251235131817
0,10318.6255,4858.5328,4758.9749,1093,0,-1,1,/data/685221_12_5_24/Complete_annotated/N050-685221-HD.json,4758.9749,685221,N050-685221,1,1,282.6140527600905,36.36401824719645,42.0,N050-685221-HD,10318.6255,4858.5328,4758.9749,0.0,0.0,0.0,0.0,0.0,0.0,0.0,0.0796039327304382,0.07429249362034,0.2518588810899181,0.4445581816644145,0.0702076126246248,21.287459484318436,328.0,MY,-0.6870207426485193,75,38,5.373333333333333,9,11,1.3828181640322372,1.424802706260236,3377.282184796802,574.4108430999113,595.478347110713,0.5756417290927744,0.9126475073433323
0,10587.3342,4469.554,4780.5113,771,0,-1,1,/data/685221_12_5_24/Complete_annotated/N037-685221-SP.json,4780.5113,685221,N037-685221,1,1,181.78416345694686,-13.755259021376403,18.0,N037-685221-SP,10587.3342,4469.554,4780.5113,0.0535347342882819,0.3445058580828434,0.1264158241713642,0.0196782756706463,0.0407915974402429,0.0,0.0271838508016034,0.0457189560693491,0.2168536953677464,0.0166836905398469,0.0,0.0204502812457074,36.91030235913389,764.0,Isocortex,0.6206951247387769,63,32,7.444444444444445,11,18,1.317424886904983,1.231098514494373,3528.333930517148,570.7383668405072,614.9801019657862,0.7563870657077256,0.9179176514871722
0,10329.8293,4179.2203,4942.738,162,0,-1,1,/data/685221_12_5_24/Complete_annotated/N040-685221-YP.json,4942.738,685221,N040-685221,1,1,279.46974777321526,81.90558139891868,40.0,N040-685221-YP,10329.8293,4179.2203,4942.738,0.1604054365353723,0.4069965253252431,0.0144100287712002,0.0009360515208882,0.0369177631131863,0.1429387208296656,0.0215817148492579,0.0896195327995647,0.0,0.0214831136657443,0.0,0.040825528686844,31.21371662077845,279.0,Isocortex,0.81149713139179,21,11,18.0,6,2,1.090394078050417,1.6501891793006898,3654.9124547706388,648.7463551472949,766.7996692444277,0.7182921744356037,0.7931276851692083
0,10623.4834,4421.4231,6718.9549,147,0,-1,1,/data/685221_12_5_24/Complete_annotated/N023-685221-JN.json,4681.0451,685221,N023-685221,1,1,397.2998514088098,318.13507277651445,11.0,N023-685221-JN,10623.4834,4421.4231,4681.0451,0.103655827901891,0.5425229814221175,0.0229445550262789,0.041337007778727,0.0520420101720803,0.0479061606769274,0.0291519743765906,0.0409973539422759,0.0,0.0166755352495848,0.0066874481228585,0.0300755193063229,39.35435086555075,494.0,Isocortex,0.8271193686181224,69,35,7.36231884057971,12,24,1.4149587632941527,1.5946847033129004,3660.5220355023907,385.61947622356985,576.4026992488941,0.898208802865845,0.8081623003500341
0,10596.134,4493.8068,4691.1481,771,0,-1,1,/data/685221_12_5_24/Complete_annotated/N057-685221-AP.json,4691.1481,685221,N057-685221,1,1,440.1233408408203,261.9930243729098,59.0,N057-685221-AP,10596.134,4493.8068,4691.1481,0.0,0.0,0.0,0.0,0.0,0.0,0.0,0.0121882855957759,0.0340669143851223,0.2663997590715293,0.5105984116843191,0.0641426399269127,5.383092774956645,58.0,MY,-0.8289525250869852,27,14,18.333333333333332,5,2,1.318517986091236,1.4011861160984256,3691.915599352268,589.0427369373042,715.6951726731094,0.7216368811714023,0.821630317701317
0,10542.6514,4561.6789,4683.0723,350,0,-1,1,/data/685221_12_5_24/Complete_annotated/N041-685221-JN.json,4683.0723,685221,N041-685221,1,1,-23.81960864818959,-201.92200409763743,22.0,N041-685221-JN,10542.6514,4561.6789,4683.0723,0.0228224377726824,0.322754986532493,0.084715508439903,0.003426665894747,0.0356443987608789,0.001451065963691,0.0253431529817613,0.0876543050454894,0.1386361106235923,0.0820912880769765,0.038210865735025,0.0332271702757321,36.61955569896608,691.0,Isocortex,0.43028319730391246,71,36,6.295774647887324,15,26,1.538542765586882,1.4447881747271447,3196.3123420932898,464.13726036217946,614.4052468397864,0.8930405524057284,0.8562729286819931
0,10327.1596,4178.1452,6592.9876,771,0,-1,1,/data/685221_12_5_24/Complete_annotated/N005-685221-JN.json,4807.0124,685221,N005-685221,1,1,1072.2339822864965,748.9217537654861,2.0,N005-685221-JN,10327.1596,4178.1452,4807.0124,0.0590029535497952,0.717188301785648,0.0020596271803768,0.0020884676387773,0.0175482372074083,0.015277921975584,0.0237309992212757,0.0777107988341985,0.002312391914588,0.0181962102870731,0.0,0.0168746080198899,42.69583162233749,646.0,Isocortex,0.8795364890861008,55,28,11.10909090909091,7,13,1.3774957516886708,1.3105965055036388,4429.13983260929,471.4369506413437,594.9819190358699,0.8038780211660811,0.8386906016913452
0,10407.1941,4402.7263,6635.8313,771,0,-1,1,/data/685221_12_5_24/Complete_annotated/N022-685221-YP.json,4764.1687,685221,N022-685221,2,4,-798.1515335724056,59.28905773189766,29.0,N022-685221-YP,10407.1941,4402.7263,4764.1687,0.1142722651876793,0.5057986685692717,0.0259415043740551,0.0306979281746333,0.0379169152064779,0.0352508517583084,0.015626427314705,0.0418440966925554,0.0218077455209348,0.0389648531158837,0.0413338303283191,0.0299679248610236,41.30329642161452,452.0,Isocortex,0.6970820489724597,21,11,13.19047619047619,5,2,1.181491373351816,1.381371235047481,3242.692739631494,505.6720407905115,621.7068350566219,0.7845287803726186,0.8084328163723411
0,10438.3581,4456.269,6694.1986,771,0,-1,1,/data/685221_12_5_24/Complete_annotated/N019-685221-HS.json,4705.8014,685221,N019-685221,1,1,930.087425256089,-79.51575803597076,7.0,N019-685221-HS,10438.3581,4456.269,4705.8014,0.0562498512575706,0.4495949441930827,0.0539567834066715,0.0129595705132025,0.0360931920729859,0.0294111203866798,0.0240910141372165,0.0211195870504816,0.0005527914873056,0.0832913109302003,0.0412595240724637,0.0419670885978476,34.98991061545538,273.0,Isocortex,0.5169581394173794,25,13,17.92,5,3,1.2238922737942157,1.1609826505872969,3507.5544871566317,483.96822201419394,563.4954118572983,0.5347817261238971,0.8827612497600291
0,10399.2395,4621.6225,4750.729,771,0,-1,1,/data/685221_12_5_24/Complete_annotated/N058-685221-JN.json,4750.729,685221,N058-685221,1,1,53.10986009233822,-792.3581336717664,50.0,N058-685221-JN,10399.2395,4621.6225,4750.729,0.0,0.0,0.0,0.0,0.0,0.0,0.0,0.0,0.0603575031986392,0.2503886590876036,0.2407362663701991,0.3402594394207345,9.864061789923394,145.0,Other,-0.8313843648785373,47,24,7.51063829787234,8,8,1.370122032009871,1.4046563829063936,2237.3844967305654,569.0795521564798,614.3911443274692,0.39013816773858134,0.9113679084056089
0,10307.786,4087.2135,6573.1561,326,0,-1,1,/data/685221_12_5_24/Complete_annotated/N011-685221-SP.json,4826.8439,685221,N011-685221,1,1,276.6234429123293,601.8325246993822,9.0,N011-685221-SP,10307.786,4087.2135,4826.8439,0.112453181316111,0.4518892241322064,0.2068064642393127,0.0286293959318754,0.0166467605375285,0.0524427991505985,0.0076602501747485,0.0235186677368267,0.0026128377320467,0.0072413609393059,0.0,0.0261785851777354,54.236933675186535,1045.0,Isocortex,0.8666267971021664,55,28,9.363636363636363,10,11,1.4697175172423582,1.5379334738732506,3944.643320689571,400.6453848256465,530.8887052496376,0.8227921652169641,0.8588490256415261
0,10170.9167,4731.2383,4769.3212,1093,0,-1,1,/data/685221_12_5_24/Complete_annotated/N060-685221-YV.json,4769.3212,685221,N060-685221,1,1,460.18058470091546,-124.708160493982,37.0,N060-685221-YV,10170.9167,4731.2383,4769.3212,0.0,0.0,0.0,0.0,0.0,0.008601232512297,0.0175751536027776,0.1306096301312052,0.2069211291390368,0.2119806395506974,0.2282265652390907,0.100070247048658,25.51040723750904,538.0,MY,-0.38349143559216636,51,26,8.529411764705882,7,7,1.6288688374983207,1.4986182083126554,3593.790985364274,782.485335923007,844.589828131145,0.4445430447029489,0.9083913912858105
0,10450.568,4342.7339,4987.3253,162,0,-1,1,/data/685221_12_5_24/Complete_annotated/N053-685221-SP.json,4987.3253,685221,N053-685221,1,1,491.7247425203623,-180.46104305082966,34.0,N053-685221-SP,10450.568,4342.7339,4987.3253,0.030562361630712,0.0,0.0011369599549144,0.0063523896332208,0.2746038294542761,0.127636017264991,0.240892073011476,0.1552396965974228,0.0,0.0970324854324212,0.0005177832322154,0.0064072810678057,32.38348372631819,723.0,CNU,0.7324657778145707,85,43,5.776470588235294,9,23,1.4367103532779977,1.4352318354480964,3543.712870603016,523.1680572778212,591.4074898495946,0.8889158456476781,0.8890833115478853
0,10305.9185,4796.3489,6815.1339,771,0,-1,1,/data/685221_12_5_24/Complete_annotated/N013-685221-DS.json,4584.8661,685221,N013-685221,1,1,-523.8477400254557,-626.5052719448361,55.0,N013-685221-DS,10305.9185,4796.3489,4584.8661,0.0,0.0,0.0,0.0,0.0,0.0,0.0,0.0,0.0,0.1221590476633223,0.6400904806671036,0.2094144316993331,8.506997497807198,184.0,MY,-0.971663960029759,19,10,16.263157894736842,6,2,1.1924618533917413,0.8216168232352538,2812.466735796933,763.2402315379877,787.3043954329672,0.47422217508878944,0.9357070431755468
0,10350.5782,4170.3139,4962.3168,162,0,-1,1,/data/685221_12_5_24/Complete_annotated/N039-685221-YV.json,4962.3168,685221,N039-685221,1,1,256.33927213110957,-45.51505711797164,20.0,N039-685221-YV,10350.5782,4170.3139,4962.3168,0.0762885037131176,0.4122271079418454,0.1661459315158226,0.0361686344529438,0.0697511954011323,0.0274833046536025,0.026811402666401,0.0295026250882321,0.0115913761860645,0.0264851337335127,0.0001089476437404,0.01025467006548,38.57795997051686,747.0,Isocortex,0.8075299539903642,57,29,6.842105263157895,9,11,1.55882900682457,1.5473581525289675,3513.3361826161167,492.8100913889135,548.2538876949334,0.8127379073414615,0.8949786395885144
0,10543.3929,4243.466,6648.7405,460,0,-1,1,/data/685221_12_5_24/Complete_annotated/N017-685221-HS.json,4751.2595,685221,N017-685221,1,1,618.3457373767742,-763.8325238307732,32.0,N017-685221-HS,10543.3929,4243.466,4751.2595,0.2121450898223459,0.0613900478367043,0.2515804538157039,0.0306823940668007,0.0601011456527086,0.0375219009239353,0.0752924639405104,0.0225814440682868,0.0739410779402801,0.0536912351268663,0.0087227037259112,0.0400273534524995,24.414260016410594,432.0,HPF,0.6488536478217187,45,23,15.6,6,10,1.3513301261651534,1.1707633985124952,3261.7459307328313,660.446836574732,712.6937287071479,0.5655172553138562,0.8956728534027224
0,10528.9978,4736.6049,4747.6231,350,0,-1,1,/data/685221_12_5_24/Complete_annotated/N043-685221-HD.json,4747.6231,685221,N043-685221,1,1,-308.7985425192504,-114.58875048589898,47.0,N043-685221-HD,10528.9978,4736.6049,4747.6231,0.0,0.0,0.0,0.0,0.0,0.0297863868450088,0.0374492261831996,0.3277167664802834,0.0,0.1576124140282976,0.2946433491761633,0.0707037039308368,16.27983119450625,173.0,MB,-0.1280070876268059,79,40,4.518987341772152,11,17,1.3594688479124364,1.3812233689679538,3094.5397320289076,527.0160299732929,645.9451667461066,0.5726025332994658,0.8806391667592415
0,10958.5411,4229.0386,6767.2399,867,0,-1,1,/data/685221_12_5_24/Complete_annotated/N029-685221-JN.json,4632.7601,685221,N029-685221,1,1,77.72802169081123,55.10829611364489,17.0,N029-685221-JN,10958.5411,4229.0386,4632.7601,0.0291283309494854,0.6878662312093075,0.171166835351146,0.0056834179558181,0.0170136658390887,0.0069755849293401,0.0135418285087214,0.0106562392778365,0.0008975987553472,0.0074073777734631,0.0013556246450682,0.0090827008702878,48.818239392072286,860.0,Isocortex,0.9241864307319246,33,17,13.363636363636363,7,3,1.616277580665057,1.2520313952553117,3897.9850697856914,618.4420226859748,704.8157714427701,0.6907146868864201,0.7532502716971156
0,10401.2976,4970.9756,4706.2516,1093,0,-1,1,/data/685221_12_5_24/Complete_annotated/N051-685221-YP.json,4706.2516,685221,N051-685221,2,4,-986.5521836918667,-206.60450159423155,52.0,N051-685221-YP,10401.2976,4970.9756,4706.2516,0.0,0.0,0.0017340127699408,0.0,0.0056498939405459,0.208090632655098,0.0605751784641139,0.250098361583587,0.0,0.0478427258863205,0.1651308582480623,0.1877689802740765,15.974008133518495,210.0,MB,0.12540551500482622,25,13,14.68,5,4,1.3168600313246215,1.3158875469170048,3391.281552833609,685.6568270786557,733.0646763214825,0.6950692549734374,0.9105260743060385
0,10277.8252,4428.3755,4817.0304,771,0,-1,1,/data/685221_12_5_24/Complete_annotated/N048-685221-VM.json,4817.0304,685221,N048-685221,1,1,1640.4165557065828,-318.76608706922025,24.0,N048-685221-VM,10277.8252,4428.3755,4817.0304,0.0028375106718972,0.6292533088554946,0.0024841064879741,0.0,0.0039099418283433,0.0103391282353398,0.025745805275294,0.0543925726523306,0.1261588624614173,0.0467782557079923,0.0108797012213286,0.03535754183421,56.97450336780808,665.0,Isocortex,0.6359468752431428,21,11,20.714285714285715,4,3,0.9732107843925984,1.0219661862843714,3770.664802889998,511.1614436052379,601.4813706413878,0.7455055867154383,0.8518677102874317
0,10659.5131,4484.2782,4777.5971,771,0,-1,1,/data/685221_12_5_24/Complete_annotated/N035-685221-DS.json,4777.5971,685221,N035-685221,1,1,856.3983477722065,-13.381205603394681,26.0,N035-685221-DS,10659.5131,4484.2782,4777.5971,0.2359273066090432,0.1983598877880683,0.062992641132576,0.0415810234520606,0.0861046768170139,0.0074284105434049,0.0302446329084001,0.0308392780141048,0.0,0.0890048345526975,0.0667589419850832,0.0826922855125997,30.208562091981683,716.0,OLF,0.4550217952142914,51,26,9.72549019607843,8,14,1.5800911161152817,1.3836738008039156,3301.2036119971067,432.5405245571917,521.1136571951697,0.7724590173294246,0.8392862239916566
0,10583.0199,4430.6091,6804.6729,867,0,-1,1,/data/685221_12_5_24/Complete_annotated/N021-685221-HD.json,4595.3271,685221,N021-685221,1,1,71.67983161851245,192.4838875059904,33.0,N021-685221-HD,10583.0199,4430.6091,4595.3271,0.2719178047547834,0.3810269693888269,0.0950903898925166,0.0918924949743092,0.025524244692506,0.0051099996545051,0.0101348262133762,0.0450478625919845,0.0,0.0112698150514482,0.0001076527388917,0.0222550827101996,35.13455908828556,398.0,Isocortex,0.8921120416622684,41,21,13.365853658536585,8,10,1.4362617955154375,1.4141913176891683,3505.211446081913,445.25374842057295,572.8166682908478,0.8655814688408241,0.7742406460264063
0,10315.5199,4557.8195,4930.4816,771,0,-1,1,/data/685221_12_5_24/Complete_annotated/N047-685221-SA.json,4930.4816,685221,N047-685221,1,1,-528.8840926813065,208.42468599356576,23.0,N047-685221-SA,10315.5199,4557.8195,4930.4816,0.0964714014982436,0.72284977069183,0.0349510322031702,0.0186387824330663,0.0347694327758403,0.00354430183777,0.0063088622098254,0.0217562122690075,0.0,0.0082684036851692,0.0,0.0111153055083562,47.84690401250902,973.0,Isocortex,0.9199060867252279,57,29,6.807017543859649,10,2,1.476578171311594,1.5043134435178258,3346.2813773069824,655.9002059958667,768.9310873410304,0.6296694636283643,0.8966154726792549
0,10585.7235,4673.4428,4813.6935,350,0,-1,1,/data/685221_12_5_24/Complete_annotated/N044-685221-DS.json,4813.6935,685221,N044-685221,1,1,638.6479881329025,149.2925034056089,30.0,N044-685221-DS,10585.7235,4673.4428,4813.6935,0.0137937928780028,0.6047716850165191,0.0118289955316431,0.0,0.0151581830728893,0.012802014615254,0.0301913964932014,0.0799860909199903,0.0119118174536019,0.066165741939287,0.0637582207352442,0.0475512043814141,31.96283194280949,514.0,Isocortex,0.5910569914715547,23,12,14.565217391304348,5,2,1.3221555613526892,1.150503252196795,3311.3696631723515,511.1196268178811,575.4173721857932,0.7737640032744044,0.8527997202180875
0,10676.7707,4394.7195,6715.4604,147,0,-1,1,/data/685221_12_5_24/Complete_annotated/N026-685221-DS.json,4684.5396,685221,N026-685221,1,1,680.035832526648,-92.38342521281619,19.0,N026-685221-DS,10676.7707,4394.7195,4684.5396,0.0752533233240345,0.2322290659684278,0.0640487452367212,0.0727298031428961,0.0932329367993791,0.2130627167187569,0.0817818059119356,0.0632905442150793,0.0,0.029865461959719,0.0247176928439433,0.0038876365989253,34.85293136941011,899.0,Isocortex,0.8371581499146429,73,37,7.958904109589041,10,22,1.6435694968092132,1.5610811012173746,3497.40366252973,498.8938131150655,662.6798817006622,0.6644079642469286,0.86317391976761
0,10225.989,4590.7843,4902.5062,771,0,-1,1,/data/685221_12_5_24/Complete_annotated/N056-685221-AK.json,4902.5062,685221,N056-685221,1,1,617.6369642095946,-608.3251192112853,38.0,N056-685221-AK,10225.989,4590.7843,4902.5062,0.0,0.0,0.0,0.0,0.0046973584569717,0.1178804737794691,0.0700686455013988,0.222494661989783,0.0032846496805379,0.0890889556314156,0.2593929389494637,0.1311958499304358,16.060830070473664,171.0,MY,-0.0645366047836925,19,10,13.0,4,3,1.363352209079424,1.6019721565694087,2947.450121501886,531.5141465452164,689.2833047397653,0.572590562443835,0.8478068489909109
0,10671.8505,4318.5129,4819.3575,280,0,-1,1,/data/685221_12_5_24/Complete_annotated/N065-685221-HD.json,4819.3575,685221,N065-685221,1,1,75.50959323863262,-363.8979405322496,46.0,N065-685221-HD,10671.8505,4318.5129,4819.3575,0.0,0.0,0.0,0.0,0.0,0.0,0.0,0.0052653126901966,0.67407439843784,0.0258126992621266,0.0274639260186777,0.1145422041240903,11.394800764430768,294.0,CB,-0.16255351671469803,37,19,7.702702702702703,8,11,1.3581151743812954,1.413682323513483,2531.3012916231464,374.65672349740396,496.2218153021751,0.6932626443284908,0.8210563221316208
0,10329.1666,4178.5722,6624.2861,771,0,-1,1,/data/685221_12_5_24/Complete_annotated/N012-685221-SA.json,4775.7139,685221,N012-685221,1,1,503.6002365742487,615.6828384332965,13.0,N012-685221-SA,10329.1666,4178.5722,4775.7139,0.1661428459790037,0.0929284493121075,0.4038471097876203,0.0053229237838738,0.042549930712522,0.0250026129651861,0.0559800260275667,0.0534805698580072,0.0,0.0133526975652765,0.0352504761407014,0.0154883800401582,41.12463879492847,846.0,HPF,0.7811629146797512,31,16,13.64516129032258,6,4,1.3339350317038863,1.0193766506564095,4322.11193664269,531.7850486166847,750.4774463374279,0.7120626039879405,0.775758700079388
0,10215.0558,4901.5289,4694.3441,1093,0,-1,1,/data/685222_2_17_25_unrefined/Complete_annotated/N024-685222-AP.json,4694.3441,685222,N024-685222,1,1,-19.20875839733224,427.0555923229386,88.0,N024-685222-AP,10215.0558,4901.5289,4694.3441,0.0,0.0,0.0,0.0,0.0,0.0,0.0,0.0,0.0,0.1676859033845946,0.4650272206271356,0.3408650584318292,12.466364596225414,389.0,MY,-0.9735781824435594,33,17,14.787878787878787,7,3,1.3178610844711165,1.2315080761864592,4046.3915817487514,710.7766475912666,822.9252823500219,0.6643373617280132,0.8779346535997927
0,10739.3271,4550.8089,4695.3761,350,0,-1,1,/data/685222_2_17_25_unrefined/Complete_annotated/N029-685222-SA.json,4695.3761,685222,N029-685222,2,4,-1763.485332132806,-40.855918476638735,73.0,N029-685222-SA,10739.3271,4550.8089,4695.3761,0.148075841609571,0.5133375514303321,0.1316503645341241,0.0563465377963591,0.0264243243586176,0.0078309768807462,0.0093624628756129,0.0077121529648046,0.017488636635994,0.0197227061944712,0.0051025613450278,0.0180425278734968,50.31054742762223,809.0,Isocortex,0.8578724170371718,45,23,7.711111111111111,8,12,1.4531757983759253,1.3642695361943526,3605.2775350420943,536.8144796263689,658.9498848744628,0.8598372013654563,0.8357159918608715
0,10825.8189,4219.2607,6703.3236,867,0,-1,1,/data/685222_2_17_25_unrefined/Complete_annotated/N017-685222-DS.json,4696.6764,685222,N017-685222,1,2,405.52017597688314,1099.0352141370797,79.0,N017-685222-DS,10825.8189,4219.2607,4696.6764,0.0435502511612125,0.0025064740687212,0.3897108949974057,0.0251413103358018,0.0992037818161116,0.0357185834099493,0.0590446001123678,0.0310094526948729,0.1900559001457642,0.0152527795149214,0.0031866096213946,0.0377928914734465,36.14232989891384,1074.0,HPF,0.6296530679866803,47,24,11.446808510638299,8,3,1.3117837631510552,1.3834604603080782,5040.771337947505,606.495706823865,654.0683166284026,0.9687839751910373,0.8334915243125596
0,10752.6283,4436.3578,4699.5217,202,0,-1,1,/data/685222_2_17_25_unrefined/Complete_annotated/N033-685222-YP.json,4699.5217,685222,N033-685222,2,3,-729.9812509232695,399.14263902145774,83.0,N033-685222-YP,10752.6283,4436.3578,4699.5217,0.0674035956290086,0.4405522548819404,0.1166458132871845,0.0065589707419416,0.0505518535633151,0.090540982921429,0.0686550802950066,0.0404576226886661,0.0,0.0065132972324528,0.0051215535607822,0.0379545924607859,35.10466777722115,368.0,Isocortex,0.831776730754471,25,13,10.44,5,5,0.8957477064641287,1.0268989759759157,3400.929069117515,443.3247448261152,583.0136903507898,0.7974505510806343,0.9013236957172026
0,10178.2278,5072.3241,4617.7922,1093,0,-1,1,/data/685222_2_17_25_unrefined/Complete_annotated/N025-685222-SA.json,4617.7922,685222,N025-685222,2,4,-1240.1709086845196,-862.1666501289214,93.0,N025-685222-SA,10178.2278,5072.3241,4617.7922,0.0,0.0,0.0,0.0,0.0,0.0,0.0,0.0,0.2258465342596194,0.219987513640373,0.1623493500471924,0.3075905416772811,10.768777369809476,254.0,Other,-0.6899274053648465,53,27,5.490566037735849,12,7,1.4529078311304682,1.3084634622885158,2819.5385156121415,695.8531577416103,732.2990612465757,0.8200711413945798,0.9461154257956159
0,10684.6497,4817.7636,6747.2278,202,0,-1,1,/data/685222_2_17_25_unrefined/Complete_annotated/N013-685222-DS.json,4652.7722,685222,N013-685222,2,4,-808.9236573503084,-123.6546427099728,100.0,N013-685222-DS,10684.6497,4817.7636,4652.7722,0.0,0.0,0.0,0.0,0.0,0.0,0.0,0.0,0.0,0.1830562533059026,0.3834315968120474,0.3866248149636986,3.7689399550985554,130.0,Other,-0.9531126650816486,19,10,17.210526315789473,5,3,1.4589586565919037,1.3619989712056342,2978.2252012351705,603.3620066619873,678.3377058719568,0.7842761133433881,0.8882006210207826
0,10796.181,4340.973,4813.6993,771,0,-1,1,/data/685222_2_17_25_unrefined/Complete_annotated/N037-685222-AP.json,4813.6993,685222,N037-685222,1,1,429.73942612032926,-203.87794860849675,75.0,N037-685222-AP,10796.181,4340.973,4813.6993,0.1030511536513646,0.0691853795925215,0.3598885937534244,0.0036331327573198,0.0855577209738307,0.0680644594126218,0.0353520987007204,0.0224355996071356,0.0972748693722487,0.046420195016068,0.0041522741845413,0.0466327832377426,39.855185843771245,920.0,HPF,0.6499628860105869,39,20,9.64102564102564,7,6,1.2134191037801212,1.190663906323779,3587.9392572399506,529.6612979260141,666.7413681341682,0.5204129999744462,0.8877269540262512
0,10544.4542,4382.0144,6681.7898,771,0,-1,1,/data/685222_2_17_25_unrefined/Complete_annotated/N003-685222-JN.json,4718.2102,685222,N003-685222,1,1,366.88226388468604,361.02989631442233,97.0,N003-685222-JN,10544.4542,4382.0144,4718.2102,0.0,0.0,0.0,0.0,0.0,0.0,0.0,0.2319103068048472,0.0060582844916042,0.1531401207756216,0.5661252370321138,0.0046397081793577,4.460400731645711,56.0,MY,-0.49199475918224594,23,12,18.73913043478261,6,4,1.2681796833113708,1.2730222430008218,3732.3669021047963,488.79707096250144,594.9166541496512,0.7819529171116621,0.8609742985680505
0,10401.9244,4158.9068,4989.8348,162,0,-1,1,/data/685222_2_17_25_unrefined/Complete_annotated/N020-685222-YP.json,4989.8348,685222,N020-685222,2,3,-1068.1545372384794,252.7438585288342,67.0,N020-685222-YP,10401.9244,4158.9068,4989.8348,0.1231839868341664,0.1615177668155424,0.3681460438017133,0.0859868036180792,0.0877656803769504,0.0312798312038861,0.0117622863970505,0.0110561615579639,0.0,0.0086008697721465,0.0,0.0272361440159003,45.84128755286951,531.0,HPF,0.8448615468173053,23,12,16.0,6,0,1.0732289953008487,0.8064668786190029,3833.5671599261796,591.3629997820028,638.9823196530257,0.7473048302023384,0.8513673229050289
0,10809.6596,4328.2347,4764.6821,771,0,-1,1,/data/685222_2_17_25_unrefined/Complete_annotated/N035-685222-HS.json,4764.6821,685222,N035-685222,1,1,923.3567974994234,-17.484869851635715,76.0,N035-685222-HS,10809.6596,4328.2347,4764.6821,0.1043132173105871,0.6321553578372885,0.1662184707142425,0.0188702743016241,0.0242557234201859,0.0020537280902053,0.0077430487368326,0.0069320340023645,0.0010594616931331,0.006641640833656,0.000201286920292,0.0128636902746099,53.01006979784387,891.0,Isocortex,0.9428352363847725,59,30,9.372881355932204,9,18,1.4860913080031886,1.54970653052913,3440.7627836413612,479.7166486241854,546.4615167739706,0.7295987759545166,0.9069910410512415
0,10882.1689,4425.5439,4679.9464,202,0,-1,1,/data/685222_2_17_25_unrefined/Complete_annotated/N034-685222-HD.json,4679.9464,685222,N034-685222,2,3,-450.2277338603975,244.8234374695399,99.0,N034-685222-HD,10882.1689,4425.5439,4679.9464,0.0,0.0,0.0,0.0,0.0,0.0,0.0,0.0,0.0,0.1856441766503386,0.6577942299875605,0.0801702370954796,4.859188987240714,48.0,MY,-0.9236086437333788,23,12,12.0,6,3,1.2189866109382266,1.2391129124361444,3236.016654799524,497.58620268381736,622.2764004561695,0.7877024743792772,0.872264339145557
0,10394.5401,4319.9979,4815.9231,771,0,-1,1,/data/685222_2_17_25_unrefined/Complete_annotated/N022-685222-YV.json,4815.9231,685222,N022-685222,2,3,-1215.4108919944492,117.16193589450877,70.0,N022-685222-YV,10394.5401,4319.9979,4815.9231,0.35598516968595,0.2151331435300076,0.0005724786976445,0.0205527647625873,0.0907262911742642,0.0603136633275417,0.0218551533323176,0.0994995736630174,0.0314945874131221,0.0325104005484806,0.0066911723284273,0.0100555664355558,44.70219050989799,1128.0,OLF,0.8153810988608667,95,48,6.757894736842105,14,2,1.4191980936722055,1.3840459442232858,4413.4499230215515,1053.836023960555,1404.2628726384262,0.3800981810034887,0.8917650505764675
0,10747.5113,4607.1532,6822.3218,202,0,-1,1,/data/685222_2_17_25_unrefined/Complete_annotated/N015-685222-VM.json,4577.6782,685222,N015-685222,1,1,-319.4931549035133,-745.5133219028128,92.0,N015-685222-VM,10747.5113,4607.1532,4577.6782,0.0,0.0,0.0,0.0,0.0,0.0,0.0,0.0,0.4862145435143659,0.0531919162902135,0.1631722708211473,0.1953035201296359,10.869660806851924,111.0,CB,-0.41166770724099666,17,9,15.352941176470589,5,2,1.2989204981127862,1.3971275916776373,2973.480450858167,568.7818909652707,721.9207060785499,0.8221163891846534,0.8440556917688691
0,10523.1849,4756.9052,6851.4705,771,0,-1,1,/data/685222_2_17_25_unrefined/Complete_annotated/N007-685222-BP.json,4548.5295,685222,N007-685222,1,1,515.8057378261311,-257.8770789389328,86.0,N007-685222-BP,10523.1849,4756.9052,4548.5295,0.0,0.0,0.0005211375879722,0.0,0.0,0.1351023042303814,0.0006992299875418,0.3107105153616979,0.0690818818255643,0.0453995218184249,0.2952223421397021,0.0890424612262091,18.85462415509423,377.0,MB,0.01736886198325721,23,12,10.695652173913043,5,2,1.1126578257947712,1.1529705924131868,3054.606181276952,666.0817492641943,697.2592240167918,0.6093877999168197,0.9057846201091728
0,10694.0953,4318.737,4834.9262,280,0,-1,1,/data/685222_2_17_25_unrefined/Complete_annotated/N032-685222-AK.json,4834.9262,685222,N032-685222,1,2,127.43296631634334,733.0042257541133,87.0,N032-685222-AK,10694.0953,4318.737,4834.9262,0.1079610753684826,0.4194021898176704,0.0,0.0088659188924435,0.0642915744410992,0.1565807284495242,0.1029446760251368,0.0485614795420342,0.0,0.0343338764154312,0.005323538575109,0.0263963162811005,12.477692661311346,145.0,Isocortex,0.8425539112647502,77,39,7.103896103896104,9,19,1.2864030039919718,1.313075584800752,4488.394143841679,527.1683337112069,672.7400706682196,0.6228063998235988,0.8964770067045005
0,10706.6598,4666.7672,4729.7847,350,0,-1,1,/data/685222_2_17_25_unrefined/Complete_annotated/N028-685222-VM.json,4729.7847,685222,N028-685222,2,3,-690.1996366329705,26.337578861189076,80.0,N028-685222-VM,10706.6598,4666.7672,4729.7847,0.0048242315506875,0.6379104406452752,0.0004062601854391,0.0011147203985692,0.0263056012759527,0.0501877048002964,0.0205546872168922,0.0669406142502661,0.0464809520383068,0.0272570730039987,0.0412267896888468,0.0042439524692336,31.144542198836657,265.0,Isocortex,0.7355164451612992,21,11,15.714285714285714,6,2,1.3484764197534806,1.4422478644073724,3045.466164485284,512.9373618985661,583.2898882302488,0.6841750497493915,0.8615190964810814
0,10396.8581,4738.7247,6767.9079,771,0,-1,1,/data/685222_2_17_25_unrefined/Complete_annotated/N006-685222-DS.json,4632.0921,685222,N006-685222,1,1,623.119760099598,-857.186651804304,94.0,N006-685222-DS,10396.8581,4738.7247,4632.0921,0.0015540426623413,0.0,0.0,0.0304089322920627,0.0612391439430855,0.1223051686413378,0.1406528880730995,0.0552444387677375,0.0,0.0941700034320538,0.2134491051468998,0.1909819404540503,7.9086091870688975,207.0,MY,-0.08719643465333954,25,13,12.6,5,4,1.6008932035380836,1.4146087063302455,3308.53877448315,776.1592412837783,863.4359091164187,0.44406337746882485,0.8453917986590166
0,10097.9499,3763.3747,5072.7667,162,0,-1,1,/data/685222_2_17_25_unrefined/Complete_annotated/N019-685222-HS.json,5072.7667,685222,N019-685222,1,1,1051.157943173689,254.48477369370516,69.0,N019-685222-HS,10097.9499,3763.3747,5072.7667,0.056416816862879,0.1264790798999491,0.4815654043298404,0.0297292502342197,0.0298798525048545,0.061198267123429,0.0243253441719921,0.0526000397901557,0.0001205485896572,0.0097901686380438,0.0256414274692269,0.0304849226017198,66.00849400757576,1542.0,HPF,0.796277536208329,85,43,6.305882352941176,16,28,1.45468586643458,1.3463386292536672,4340.361659453974,429.28919749894715,565.6076178505081,0.8126289550002918,0.8715495606564599
0,10996.724,4288.1456,6857.6828,202,0,-1,1,/data/685222_2_17_25_unrefined/Complete_annotated/N018-685222-AK.json,4542.3172,685222,N018-685222,1,1,780.0720155285778,444.61524742674504,66.0,N018-685222-AK,10996.724,4288.1456,4542.3172,0.0451106862839153,0.5804303548804631,0.2260507314400003,0.0216315701471104,0.0102905163460569,0.0103765690448569,0.011621601485483,0.0157431504902949,0.0011356599975263,0.0039399865871466,0.0057062236918527,0.0244656024231049,46.537409781000434,547.0,Isocortex,0.8871433674160767,25,13,11.76,4,2,1.1672725183670258,1.353137463610505,3968.0843792885084,643.2725427278937,730.9497899258516,0.7865072744142457,0.8346181499088166
0,10699.5863,4798.2225,6742.7722,202,0,-1,1,/data/685222_2_17_25_unrefined/Complete_annotated/N012-685222-BP.json,4657.2278,685222,N012-685222,1,1,-481.49584704553183,-312.49755725274923,90.0,N012-685222-BP,10699.5863,4798.2225,4657.2278,0.0,0.0,0.0,0.0,0.0,0.0,0.0,0.0378733942976243,0.3026341079116818,0.1349554604897068,0.2733130289922592,0.1545452623654628,17.113460591224925,269.0,CB,-0.5249403575498045,19,10,12.0,5,3,1.223116505381433,1.6402962114828727,2741.3391194773744,583.4976716774893,739.0384070022278,0.65041805837783,0.8371107286968051
0,10345.2172,4145.2136,6690.3158,771,0,-1,1,/data/685222_2_17_25_unrefined/Complete_annotated/N001-685222-SA.json,4709.6842,685222,N001-685222,2,3,-821.8137129615312,-186.80638446349158,62.0,N001-685222-SA,10345.2172,4145.2136,4709.6842,0.047268104744004,0.657371916298768,0.0937283214505666,0.0191067059018929,0.036611341400559,0.0094399180872111,0.0287566579273986,0.0401609221868522,0.0069824956883764,0.0043476850797807,0.0,0.0094000921722563,72.56741954064171,982.0,Isocortex,0.9186961107452154,33,17,9.212121212121213,6,7,1.2610901535366887,1.3802402585215148,3587.066717087399,535.4354953523816,647.2443728257684,0.6719369002519546,0.8836275000204555
0,10449.0376,4444.7159,4879.7894,898,0,-1,1,/data/685222_2_17_25_unrefined/Complete_annotated/N023-685222-SP.json,4879.7894,685222,N023-685222,2,3,-1257.6130908421244,696.8475316442032,71.0,N023-685222-SP,10449.0376,4444.7159,4879.7894,0.0534032116922223,0.8186169518338072,0.0024162978377205,0.002504458865714,0.0218858798243438,0.0007903747994548,0.0176123311508942,0.0155885460186394,9.563367128993707e-05,0.0074139542465987,0.0,0.0200526302057174,56.57093612841987,1079.0,Isocortex,0.9053514675704801,27,14,17.85185185185185,6,3,1.0533827048564512,1.3370650285034769,3935.119795995286,565.3201250428647,695.8615344852658,0.7764901718392114,0.7611291275169322
0,10864.4138,4367.9276,4781.6816,771,0,-1,1,/data/685222_2_17_25_unrefined/Complete_annotated/N036-685222-YV.json,4781.6816,685222,N036-685222,1,2,-162.11257389193852,955.1445736276454,84.0,N036-685222-YV,10864.4138,4367.9276,4781.6816,0.0,0.0,0.0035496181439895,0.0,0.0128730693468948,0.1630109150863744,0.0302479033613172,0.5083170220315598,0.0174308748774446,0.0823066755703173,0.0697144222797117,0.0538891906932573,25.013493406037373,394.0,MB,0.5120882394268494,111,56,5.54054054054054,14,15,1.5168786535790526,1.5483422189977525,4236.688556814027,513.1197035767874,566.4166745307976,0.5987642051210215,0.8866083979017563
0,10620.6848,4577.6007,4713.9549,350,0,-1,1,/data/685222_2_17_25_unrefined/Complete_annotated/N027-685222-DS.json,4713.9549,685222,N027-685222,1,1,-79.46842815210394,276.76959230507913,72.0,N027-685222-DS,10620.6848,4577.6007,4713.9549,0.090652873861252,0.4287837037012998,0.2445343662893337,0.0286390590567776,0.0521352380476544,0.0014228568676947,0.0164146031892749,0.0319201144999766,0.0,0.0266178693079042,0.0062829425222196,0.0241700341230233,38.20245221464632,1027.0,Isocortex,0.8374319695601167,39,20,11.205128205128204,6,7,1.4191948307459332,1.5177728537289659,3958.6130239918866,483.63882992555403,613.2050054349683,0.7275752747998593,0.863288304757888
0,10674.9873,4483.0913,6822.29,202,0,-1,1,/data/685222_2_17_25_unrefined/Complete_annotated/N016-685222-YP.json,4577.71,685222,N016-685222,2,3,-1210.5877738792258,454.32148163042444,91.0,N016-685222-YP,10674.9873,4483.0913,4577.71,0.1943113527520346,0.090308654119192,0.0078112422357563,0.0295496496623178,0.0320195909574009,0.0888090927753028,0.0525154964738726,0.0747064880546252,0.051262491536666,0.1413565429595782,0.0861939112318518,0.0810807495899652,18.21305871649764,132.0,OLF,0.261400363249107,17,9,16.823529411764707,5,1,1.2095250179322892,1.2577639129011695,3577.101023366849,520.1501251491254,580.2656096693453,0.8211234198819719,0.8573486521254454
0,10465.5137,4890.1598,6867.8294,771,0,-1,1,/data/685222_2_17_25_unrefined/Complete_annotated/N009-685222-SP.json,4532.1706,685222,N009-685222,1,1,-334.5383038166928,-405.4735959044344,89.0,N009-685222-SP,10465.5137,4890.1598,4532.1706,0.0,0.0,0.0,0.0,0.0,0.0084615093949023,0.0,0.1928174106232281,0.0,0.2492040284962559,0.2736167069751136,0.2394719878288473,11.485882463984892,223.0,MY,-0.5610138032820863,23,12,13.652173913043478,5,6,1.1585647228904286,1.3286528496739436,2936.9447989123896,613.7476086838054,754.3184983511163,0.840573379134581,0.82392141891194
0,10550.5295,4804.5378,4755.8028,350,0,-1,1,/data/685222_2_17_25_unrefined/Complete_annotated/N026-685222-SA.json,4755.8028,685222,N026-685222,1,1,79.96104729758167,-70.05155171266917,81.0,N026-685222-SA,10550.5295,4804.5378,4755.8028,0.0,0.0,0.0,0.0,3.901174025123192e-05,0.1169358064483889,0.0255272907808056,0.0862215159822099,0.1044134016661601,0.2009924011353498,0.2505536208551212,0.1200067098305211,35.418417059052665,533.0,MY,-0.3428291068693365,29,15,11.0,7,5,1.2951871852356407,1.3257141169775293,3359.923651734256,586.7559997448864,628.1394089262959,0.7784225565860309,0.8669543896433733
0,10992.7697,4270.6277,4751.6044,512,0,-1,1,/data/685222_2_17_25_unrefined/Complete_annotated/N038-685222-YP.json,4751.6044,685222,N038-685222,1,1,1684.8452073191625,78.03582976852715,77.0,N038-685222-YP,10992.7697,4270.6277,4751.6044,0.5168024554940681,0.0932235391889204,0.0688045148443139,0.0683375032265115,0.023163357071112,0.0965205611682731,0.0246687188434063,0.0185696571667365,0.015642048341451,0.0070811438138657,0.0009443123532978,0.0262493206192195,40.47556267089129,673.0,OLF,0.8758155302169587,39,20,10.35897435897436,7,4,1.2422453616682365,1.1643131906414246,3818.9277221673497,500.7586368433994,554.1013846940743,0.8150883455833168,0.8219459466454277
0,10444.84,4873.7625,6807.1802,771,0,-1,1,/data/685222_2_17_25_unrefined/Complete_annotated/N008-685222-HD.json,4592.8198,685222,N008-685222,1,1,-524.0097945258208,320.7461722620774,98.0,N008-685222-HD,10444.84,4873.7625,4592.8198,0.0,0.0,0.0,0.0,0.0,0.0,0.0,0.0,0.0,0.0762244739966513,0.5802115117271757,0.3036546129949043,5.299021929320558,68.0,MY,-0.9600905987187314,17,9,15.117647058823529,4,1,1.0841987516766671,1.1856693234510258,3315.8196153847375,631.0719624349746,651.9461993456983,0.7006325167709911,0.8809800219704506
0,10574.805,4915.596,6845.9291,771,0,-1,1,/data/685222_2_17_25_unrefined/Complete_annotated/N010-685222-VM.json,4554.0709,685222,N010-685222,1,1,-375.27398567051665,293.4255254984341,85.0,N010-685222-VM,10574.805,4915.596,4554.0709,0.0344726090446383,0.0,0.0001026614911105,0.0,0.0753593249819041,0.0734394233997379,0.0161080416763526,0.1995170995180308,0.1857859582019121,0.1250333493264639,0.1372221352334689,0.0806071636675323,24.005216397719572,316.0,MB,0.056136511884309126,15,8,20.533333333333335,5,0,1.1396673965254804,1.7296922035347613,3169.1830240599825,538.7980485414546,605.1451136841831,0.8555452459933901,0.8187075290022717
0,10439.5279,4613.19,6807.2471,771,0,-1,1,/data/685222_2_17_25_unrefined/Complete_annotated/N005-685222-YP.json,4592.7529,685222,N005-685222,1,1,275.39853920924924,585.9909990662617,82.0,N005-685222-YP,10439.5279,4613.19,4592.7529,0.1701540585945732,0.300399775876869,0.0009230386836313,0.0122216729675462,0.0138191936831694,0.0841093404159749,0.0181477078930584,0.0771783149843119,0.001060058400976,0.083939538410676,0.1334583212062767,0.0556317625315233,43.83572322822732,445.0,Isocortex,0.4039234809506582,25,13,13.96,5,3,0.9758964656128568,1.2592135691080621,3885.316527121785,490.3978695537941,597.715240865832,0.8735167522120139,0.8479017072105692
0,10435.5991,4294.5078,4909.7741,162,0,-1,1,/data/685222_2_17_25_unrefined/Complete_annotated/N021-685222-NM.json,4909.7741,685222,N021-685222,1,1,379.14667285482,128.48094015483625,68.0,N021-685222-NM,10435.5991,4294.5078,4909.7741,0.1920296620689612,0.2999205003558559,0.047297155742723,0.0349010026034802,0.0489365051963123,0.0157044962124026,0.015562077875189,0.0454434729762295,0.1109071928319189,0.0419774255609029,0.0355497991109503,0.0620929383997965,51.46151610705952,1087.0,Isocortex,0.5601747099595039,33,17,14.727272727272727,6,6,1.2986955017167647,1.3357060363780842,3684.6709298509754,583.5272308858786,689.4409352655955,0.6990908364780275,0.8653776703691333
0,10559.8164,4318.4146,6684.0099,867,0,-1,1,/data/685222_2_17_25_unrefined/Complete_annotated/N002-685222-HD.json,4715.9901,685222,N002-685222,1,1,210.91796430733893,389.6261816005937,63.0,N002-685222-HD,10559.8164,4318.4146,4715.9901,0.3982717066627717,0.2303096236759268,0.0805953723305301,0.0375729098447602,0.0410778464702534,0.0562071019302455,0.0186714231259349,0.0159201674311021,0.0048142611822417,0.0079399200134672,0.0004651499042385,0.0776477043982665,49.87073226727919,809.0,OLF,0.7925733771555524,23,12,12.26086956521739,6,0,0.998073261791852,1.2916945878843795,3590.564593354763,516.2465410722284,555.4195756825409,0.8767043410400842,0.8365587873251333
0,10698.6922,4452.5273,4765.1185,771,0,-1,1,/data/685222_2_17_25_unrefined/Complete_annotated/N030-685222-NM.json,4765.1185,685222,N030-685222,2,3,-791.4700279946078,-57.475259663218765,74.0,N030-685222-NM,10698.6922,4452.5273,4765.1185,0.0657195845150789,0.6336066385449665,0.1008975851132599,0.0169538268142127,0.0049084964529357,0.0099365393061065,0.0179047960058058,0.0391336589091417,0.0,0.0112015424695903,0.021183604348659,0.0370701044238389,48.693006644807774,867.0,Isocortex,0.8196058744194195,55,28,8.10909090909091,10,17,1.4745685821827326,1.5397972036403762,3664.929048015078,498.70649641413314,644.1873047792502,0.7144753635687939,0.8179783008792164
0,10613.6199,4393.4601,4798.3121,898,0,-1,1,/data/685222_2_17_25_unrefined/Complete_annotated/N031-685222-BP.json,4798.3121,685222,N031-685222,2,5,-1349.5076169484971,-540.9479494746382,78.0,N031-685222-BP,10613.6199,4393.4601,4798.3121,0.0802810247694941,0.555775075645419,0.0507060086161966,0.0199176605934685,0.0438960325836263,0.0001974953575298,0.024621788921631,0.0183899744237664,0.0080167033260566,0.0790204445541456,0.0230622827203831,0.0572002490482158,48.38004969307828,1252.0,Isocortex,0.6345020845883871,41,21,9.292682926829269,11,6,1.5997366689926662,1.573139733353929,4287.1479582425,1695.5999536040651,2090.777910714607,0.21174672411152107,0.9123375236063329
0,10440.2896,4573.1076,6715.789,771,0,-1,1,/data/685222_2_17_25_unrefined/Complete_annotated/N004-685222-BP.json,4684.211,685222,N004-685222,2,4,-1717.350111709058,-345.949817678373,96.0,N004-685222-BP,10440.2896,4573.1076,4684.211,0.1875743054033717,0.0134761338117868,0.0,0.0,0.0215372425170629,0.0,0.0492177202426792,0.0458283118719156,0.1423070852474278,0.1159685856819906,0.1887727115087136,0.1770927616967857,7.213511746790056,109.0,MY,-0.16420034504067366,21,11,13.333333333333334,5,3,1.5598785785412037,1.5696030723390502,3488.834947140805,553.6827196048387,677.082518444483,0.8515319114995068,0.884342442811348
0,10622.623,4591.0417,6823.014,771,0,-1,1,/data/685222_2_17_25_unrefined/Complete_annotated/N014-685222-AP.json,4576.986,685222,N014-685222,2,3,-927.9685563220847,717.9653291267224,65.0,N014-685222-AP,10622.623,4591.0417,4576.986,0.0410687519257067,0.789133042551684,0.0115362059393383,0.0064886004907459,0.0330768717120527,0.0,0.0123608972643291,0.0149962820417656,0.0,0.0078630809444848,0.006404920491513,0.010297749645754,33.551486607314814,390.0,Isocortex,0.8840949008438704,19,10,25.736842105263158,5,0,1.371834153488722,1.4315766503969658,3924.030635104559,615.2688902847193,667.1368311263142,0.9341652922571932,0.8481198265620866
0,10640.9716,4739.2144,6846.4459,202,0,-1,1,/data/685222_2_17_25_unrefined/Complete_annotated/N011-685222-SA.json,4553.5541,685222,N011-685222,1,1,1136.7511304037384,-96.50285350560134,64.0,N011-685222-SA,10640.9716,4739.2144,4553.5541,0.1581202747710895,0.5652583377529695,0.0216681821629131,0.0463884175354248,0.0195611693713674,0.0386494804307006,0.0058232811797452,0.023937923586386,0.0,0.0207980959577055,0.0251749898863199,0.0140486259755269,39.96370718282802,633.0,Isocortex,0.8193853549710438,29,15,11.137931034482758,5,3,1.3512952401492269,1.2367972331143016,3499.8743891512668,480.2600798366025,616.4500446852132,0.6585241724868801,0.7954683710562681
